<beans xmlns="http://www.springframework.org/schema/beans"
	xmlns:batch="http://www.springframework.org/schema/batch" 
	xmlns:xsi="http://www.w3.org/2001/XMLSchema-instance"
	xsi:schemaLocation="http://www.springframework.org/schema/batch
		http://www.springframework.org/schema/batch/spring-batch-2.2.xsd
		http://www.springframework.org/schema/beans 
		http://www.springframework.org/schema/beans/spring-beans-3.2.xsd">

<import resource="context.xml" />
	
	<batch:job id="importProducts" xmlns="http://www.springframework.org/schema/batch">
		<batch:step id="readWriteProducts">
			<batch:tasklet>
			<batch:chunk reader="reader" writer="writer" commit-interval="100" />
			</batch:tasklet>
		</batch:step>
	</batch:job>
 
   <bean id="reader" class="org.springframework.batch.item.file.FlatFileItemReader">
		<property name="resource" value="file:C:/Sandeep/Software/Apache/k/Karaf_Workspace1/Work_New1/ProductAppA1/src/main/resources/Product1.csv" />
		<property name="linesToSkip" value="1" />
		<property name="lineMapper">
		<bean class="org.springframework.batch.item.file.mapping.DefaultLineMapper">
			<property name="lineTokenizer">
			<bean class="org.springframework.batch.item.file.transform.DelimitedLineTokenizer">
				<property name="names" value="PRODUCT_ID,NAME,DESCRIPTION,PRICE" />
			</bean>
			</property>
			<property name="fieldSetMapper">
				<bean class="com.ProductAppP1.ProductFieldSetMapper"/>
			</property>
		</bean>
		</property>
	</bean>
   
   <bean id="writer" class=" com.ProductAppP1.ProductJdbcItemWriter">
		<!-- <constructor-arg ref="dataSource" />  -->
	</bean>
   
</beans> 